Topic,Problem,Link,Problem_Name,Difficulty
,,https://www.geeksforgeeks.org/ ,nan,Medium
,,https://www.geeksforgeeks.org/ ,nan,Medium
Topic:,Problem: ,https://www.geeksforgeeks.org/ ,Problem:,Medium
,,https://www.geeksforgeeks.org/ ,nan,Medium
Array,Reverse the array,https://www.geeksforgeeks.org/ ,Reverse the array,Easy
Array,Find the maximum and minimum element in an array,https://www.geeksforgeeks.org/ ,Find the maximum and minimum element in an array,Medium
Array,"Find the ""Kth"" max and min element of an array ",https://www.geeksforgeeks.org/ ,"Find the ""Kth"" max and min element of an array",Medium
Array,"Given an array which consists of only 0, 1 and 2. Sort the array without using any sorting algo",https://www.geeksforgeeks.org/ ,"Given an array which consists of only 0, 1 and 2. Sort the array without using any sorting algo",Medium
Array,Move all the negative elements to one side of the array ,https://www.geeksforgeeks.org/ ,Move all the negative elements to one side of the array,Medium
Array,Find the Union and Intersection of the two sorted arrays.,https://www.geeksforgeeks.org/ ,Find the Union and Intersection of the two sorted arrays.,Medium
Array,Write a program to cyclically rotate an array by one.,https://www.geeksforgeeks.org/ ,Write a program to cyclically rotate an array by one.,Medium
Array,find Largest sum contiguous Subarray [V. IMP],https://www.geeksforgeeks.org/ ,find Largest sum contiguous Subarray [V. IMP],Medium
Array,Minimise the maximum difference between heights [V.IMP],https://www.geeksforgeeks.org/ ,Minimise the maximum difference between heights [V.IMP],Medium
Array,Minimum no. of Jumps to reach end of an array,https://www.geeksforgeeks.org/ ,Minimum no. of Jumps to reach end of an array,Medium
Array,find duplicate in an array of N+1 Integers,https://www.geeksforgeeks.org/ ,find duplicate in an array of N+1 Integers,Medium
Array,Merge 2 sorted arrays without using Extra space.,https://www.geeksforgeeks.org/ ,Merge 2 sorted arrays without using Extra space.,Easy
Array,Kadane's Algo [V.V.V.V.V IMP],https://www.geeksforgeeks.org/ ,Kadane's Algo [V.V.V.V.V IMP],Medium
Array,Merge Intervals,https://www.geeksforgeeks.org/ ,Merge Intervals,Easy
Array,Next Permutation,https://www.geeksforgeeks.org/ ,Next Permutation,Medium
Array,Count Inversion,https://www.geeksforgeeks.org/ ,Count Inversion,Medium
Array,Best time to buy and Sell stock,https://www.geeksforgeeks.org/ ,Best time to buy and Sell stock,Medium
Array,find all pairs on integer array whose sum is equal to given number,https://www.geeksforgeeks.org/ ,find all pairs on integer array whose sum is equal to given number,Medium
Array,find common elements In 3 sorted arrays,https://www.geeksforgeeks.org/ ,find common elements In 3 sorted arrays,Medium
Array,Rearrange the array in alternating positive and negative items with O(1) extra space,https://www.geeksforgeeks.org/ ,Rearrange the array in alternating positive and negative items with O(1) extra space,Medium
Array,Find if there is any subarray with sum equal to 0,https://www.geeksforgeeks.org/ ,Find if there is any subarray with sum equal to 0,Medium
Array,Find factorial of a large number,https://www.geeksforgeeks.org/ ,Find factorial of a large number,Medium
Array,find maximum product subarray ,https://www.geeksforgeeks.org/ ,find maximum product subarray,Medium
Array,Find longest coinsecutive subsequence,https://www.geeksforgeeks.org/ ,Find longest coinsecutive subsequence,Medium
Array,"Given an array of size n and a number k, fin all elements that appear more than "" n/k "" times.",https://www.geeksforgeeks.org/ ,"Given an array of size n and a number k, fin all elements that appear more than "" n/k "" times.",Medium
Array,Maximum profit by buying and selling a share atmost twice,https://www.geeksforgeeks.org/ ,Maximum profit by buying and selling a share atmost twice,Medium
Array,Find whether an array is a subset of another array,https://www.geeksforgeeks.org/ ,Find whether an array is a subset of another array,Medium
Array,Find the triplet that sum to a given value,https://www.geeksforgeeks.org/ ,Find the triplet that sum to a given value,Medium
Array,Trapping Rain water problem,https://www.geeksforgeeks.org/ ,Trapping Rain water problem,Medium
Array,Chocolate Distribution problem,https://www.geeksforgeeks.org/ ,Chocolate Distribution problem,Medium
Array,Smallest Subarray with sum greater than a given value,https://www.geeksforgeeks.org/ ,Smallest Subarray with sum greater than a given value,Medium
Array,Three way partitioning of an array around a given value,https://www.geeksforgeeks.org/ ,Three way partitioning of an array around a given value,Medium
Array,Minimum swaps required bring elements less equal K together,https://www.geeksforgeeks.org/ ,Minimum swaps required bring elements less equal K together,Medium
Array,Minimum no. of operations required to make an array palindrome,https://www.geeksforgeeks.org/ ,Minimum no. of operations required to make an array palindrome,Easy
Array,Median of 2 sorted arrays of equal size,https://www.geeksforgeeks.org/ ,Median of 2 sorted arrays of equal size,Medium
Array,Median of 2 sorted arrays of different size,https://www.geeksforgeeks.org/ ,Median of 2 sorted arrays of different size,Medium
,,https://www.geeksforgeeks.org/ ,nan,Medium
,,https://www.geeksforgeeks.org/ ,nan,Medium
Matrix,Spiral traversal on a Matrix,https://www.geeksforgeeks.org/ ,Spiral traversal on a Matrix,Hard
Matrix,Search an element in a matriix,https://www.geeksforgeeks.org/ ,Search an element in a matriix,Medium
Matrix,Find median in a row wise sorted matrix,https://www.geeksforgeeks.org/ ,Find median in a row wise sorted matrix,Hard
Matrix,Find row with maximum no. of 1's,https://www.geeksforgeeks.org/ ,Find row with maximum no. of 1's,Medium
Matrix,Print elements in sorted order using row-column wise sorted matrix,https://www.geeksforgeeks.org/ ,Print elements in sorted order using row-column wise sorted matrix,Hard
Matrix,Maximum size rectangle,https://www.geeksforgeeks.org/ ,Maximum size rectangle,Medium
Matrix,Find a specific pair in matrix,https://www.geeksforgeeks.org/ ,Find a specific pair in matrix,Hard
Matrix,Rotate matrix by 90 degrees,https://www.geeksforgeeks.org/ ,Rotate matrix by 90 degrees,Hard
Matrix,Kth smallest element in a row-cpumn wise sorted matrix,https://www.geeksforgeeks.org/ ,Kth smallest element in a row-cpumn wise sorted matrix,Hard
Matrix,Common elements in all rows of a given matrix,https://www.geeksforgeeks.org/ ,Common elements in all rows of a given matrix,Hard
,,https://www.geeksforgeeks.org/ ,nan,Medium
,,https://www.geeksforgeeks.org/ ,nan,Medium
String,Reverse a String,https://www.geeksforgeeks.org/ ,Reverse a String,Easy
String,Check whether a String is Palindrome or not,https://www.geeksforgeeks.org/ ,Check whether a String is Palindrome or not,Easy
String,Find Duplicate characters in a string,https://www.geeksforgeeks.org/ ,Find Duplicate characters in a string,Medium
String,Why strings are immutable in Java?,https://www.geeksforgeeks.org/ ,Why strings are immutable in Java?,Medium
String,Write a Code to check whether one string is a rotation of another,https://www.geeksforgeeks.org/ ,Write a Code to check whether one string is a rotation of another,Medium
String,Write a Program to check whether a string is a valid shuffle of two strings or not,https://www.geeksforgeeks.org/ ,Write a Program to check whether a string is a valid shuffle of two strings or not,Easy
String,Count and Say problem,https://www.geeksforgeeks.org/ ,Count and Say problem,Medium
String,Write a program to find the longest Palindrome in a string.[ Longest palindromic Substring],https://www.geeksforgeeks.org/ ,Write a program to find the longest Palindrome in a string.[ Longest palindromic Substring],Easy
String,Find Longest Recurring Subsequence in String,https://www.geeksforgeeks.org/ ,Find Longest Recurring Subsequence in String,Medium
String,Print all Subsequences of a string.,https://www.geeksforgeeks.org/ ,Print all Subsequences of a string.,Medium
String,Print all the permutations of the given string,https://www.geeksforgeeks.org/ ,Print all the permutations of the given string,Medium
String,Split the Binary string into two substring with equal 0’s and 1’s,https://www.geeksforgeeks.org/ ,Split the Binary string into two substring with equal 0’s and 1’s,Medium
String,Word Wrap Problem [VERY IMP].,https://www.geeksforgeeks.org/ ,Word Wrap Problem [VERY IMP].,Medium
String,EDIT Distance [Very Imp],https://www.geeksforgeeks.org/ ,EDIT Distance [Very Imp],Medium
String,Find next greater number with same set of digits. [Very Very IMP],https://www.geeksforgeeks.org/ ,Find next greater number with same set of digits. [Very Very IMP],Medium
String,Balanced Parenthesis problem.[Imp],https://www.geeksforgeeks.org/ ,Balanced Parenthesis problem.[Imp],Medium
String,Word break Problem[ Very Imp],https://www.geeksforgeeks.org/ ,Word break Problem[ Very Imp],Medium
String,Rabin Karp Algo,https://www.geeksforgeeks.org/ ,Rabin Karp Algo,Medium
String,KMP Algo,https://www.geeksforgeeks.org/ ,KMP Algo,Medium
String,Convert a Sentence into its equivalent mobile numeric keypad sequence.,https://www.geeksforgeeks.org/ ,Convert a Sentence into its equivalent mobile numeric keypad sequence.,Medium
String,Minimum number of bracket reversals needed to make an expression balanced.,https://www.geeksforgeeks.org/ ,Minimum number of bracket reversals needed to make an expression balanced.,Medium
String,Count All Palindromic Subsequence in a given String.,https://www.geeksforgeeks.org/ ,Count All Palindromic Subsequence in a given String.,Medium
String,Count of number of given string in 2D character array,https://www.geeksforgeeks.org/ ,Count of number of given string in 2D character array,Medium
String,Search a Word in a 2D Grid of characters.,https://www.geeksforgeeks.org/ ,Search a Word in a 2D Grid of characters.,Medium
String,Boyer Moore Algorithm for Pattern Searching.,https://www.geeksforgeeks.org/ ,Boyer Moore Algorithm for Pattern Searching.,Medium
String,Converting Roman Numerals to Decimal,https://www.geeksforgeeks.org/ ,Converting Roman Numerals to Decimal,Medium
String,Longest Common Prefix,https://www.geeksforgeeks.org/ ,Longest Common Prefix,Medium
String,Number of flips to make binary string alternate,https://www.geeksforgeeks.org/ ,Number of flips to make binary string alternate,Medium
String,Find the first repeated word in string.,https://www.geeksforgeeks.org/ ,Find the first repeated word in string.,Medium
String,Minimum number of swaps for bracket balancing.,https://www.geeksforgeeks.org/ ,Minimum number of swaps for bracket balancing.,Medium
String,Find the longest common subsequence between two strings.,https://www.geeksforgeeks.org/ ,Find the longest common subsequence between two strings.,Medium
String,Program to generate all possible valid IP addresses from given  string.,https://www.geeksforgeeks.org/ ,Program to generate all possible valid IP addresses from given  string.,Easy
String,Write a program tofind the smallest window that contains all characters of string itself.,https://www.geeksforgeeks.org/ ,Write a program tofind the smallest window that contains all characters of string itself.,Medium
String,Rearrange characters in a string such that no two adjacent are same,https://www.geeksforgeeks.org/ ,Rearrange characters in a string such that no two adjacent are same,Medium
String,Minimum characters to be added at front to make string palindrome,https://www.geeksforgeeks.org/ ,Minimum characters to be added at front to make string palindrome,Easy
String,"Given a sequence of words, print all anagrams together",https://www.geeksforgeeks.org/ ,"Given a sequence of words, print all anagrams together",Medium
String,Find the smallest window in a string containing all characters of another string,https://www.geeksforgeeks.org/ ,Find the smallest window in a string containing all characters of another string,Medium
String,Recursively remove all adjacent duplicates,https://www.geeksforgeeks.org/ ,Recursively remove all adjacent duplicates,Medium
String,String matching where one string contains wildcard characters,https://www.geeksforgeeks.org/ ,String matching where one string contains wildcard characters,Medium
String,Function to find Number of customers who could not get a computer,https://www.geeksforgeeks.org/ ,Function to find Number of customers who could not get a computer,Medium
String,Transform One String to Another using Minimum Number of Given Operation,https://www.geeksforgeeks.org/ ,Transform One String to Another using Minimum Number of Given Operation,Medium
String,Check if two given strings are isomorphic to each other,https://www.geeksforgeeks.org/ ,Check if two given strings are isomorphic to each other,Medium
String,Recursively print all sentences that can be formed from list of word lists,https://www.geeksforgeeks.org/ ,Recursively print all sentences that can be formed from list of word lists,Medium
,,https://www.geeksforgeeks.org/ ,nan,Medium
,,https://www.geeksforgeeks.org/ ,nan,Medium
Searching & Sorting,Find first and last positions of an element in a sorted array,https://www.geeksforgeeks.org/ ,Find first and last positions of an element in a sorted array,Medium
Searching & Sorting,Find a Fixed Point (Value equal to index) in a given array,https://www.geeksforgeeks.org/ ,Find a Fixed Point (Value equal to index) in a given array,Medium
Searching & Sorting,Search in a rotated sorted array,https://www.geeksforgeeks.org/ ,Search in a rotated sorted array,Medium
Searching & Sorting,square root of an integer,https://www.geeksforgeeks.org/ ,square root of an integer,Medium
Searching & Sorting,Maximum and minimum of an array using minimum number of comparisons,https://www.geeksforgeeks.org/ ,Maximum and minimum of an array using minimum number of comparisons,Medium
Searching & Sorting,Optimum location of point to minimize total distance,https://www.geeksforgeeks.org/ ,Optimum location of point to minimize total distance,Medium
Searching & Sorting,Find the repeating and the missing,https://www.geeksforgeeks.org/ ,Find the repeating and the missing,Medium
Searching & Sorting,find majority element,https://www.geeksforgeeks.org/ ,find majority element,Medium
Searching & Sorting,Searching in an array where adjacent differ by at most k,https://www.geeksforgeeks.org/ ,Searching in an array where adjacent differ by at most k,Medium
Searching & Sorting,find a pair with a given difference,https://www.geeksforgeeks.org/ ,find a pair with a given difference,Medium
Searching & Sorting,find four elements that sum to a given value,https://www.geeksforgeeks.org/ ,find four elements that sum to a given value,Medium
Searching & Sorting,maximum sum such that no 2 elements are adjacent,https://www.geeksforgeeks.org/ ,maximum sum such that no 2 elements are adjacent,Medium
Searching & Sorting,Count triplet with sum smaller than a given value,https://www.geeksforgeeks.org/ ,Count triplet with sum smaller than a given value,Medium
Searching & Sorting,merge 2 sorted arrays,https://www.geeksforgeeks.org/ ,merge 2 sorted arrays,Easy
Searching & Sorting,print all subarrays with 0 sum,https://www.geeksforgeeks.org/ ,print all subarrays with 0 sum,Medium
Searching & Sorting,Product array Puzzle,https://www.geeksforgeeks.org/ ,Product array Puzzle,Medium
Searching & Sorting,Sort array according to count of set bits,https://www.geeksforgeeks.org/ ,Sort array according to count of set bits,Medium
Searching & Sorting,minimum no. of swaps required to sort the array,https://www.geeksforgeeks.org/ ,minimum no. of swaps required to sort the array,Medium
Searching & Sorting,Bishu and Soldiers,https://www.geeksforgeeks.org/ ,Bishu and Soldiers,Medium
Searching & Sorting,Rasta and Kheshtak,https://www.geeksforgeeks.org/ ,Rasta and Kheshtak,Medium
Searching & Sorting,Kth smallest number again,https://www.geeksforgeeks.org/ ,Kth smallest number again,Medium
Searching & Sorting,Find pivot element in a sorted array,https://www.geeksforgeeks.org/ ,Find pivot element in a sorted array,Medium
Searching & Sorting,K-th Element of Two Sorted Arrays,https://www.geeksforgeeks.org/ ,K-th Element of Two Sorted Arrays,Medium
Searching & Sorting,Aggressive cows,https://www.geeksforgeeks.org/ ,Aggressive cows,Medium
Searching & Sorting,Book Allocation Problem,https://www.geeksforgeeks.org/ ,Book Allocation Problem,Medium
Searching & Sorting,EKOSPOJ:,https://www.geeksforgeeks.org/ ,EKOSPOJ:,Medium
Searching & Sorting,Job Scheduling Algo,https://www.geeksforgeeks.org/ ,Job Scheduling Algo,Medium
Searching & Sorting,Missing Number in AP,https://www.geeksforgeeks.org/ ,Missing Number in AP,Medium
Searching & Sorting,Smallest number with atleastn trailing zeroes infactorial,https://www.geeksforgeeks.org/ ,Smallest number with atleastn trailing zeroes infactorial,Medium
Searching & Sorting,Painters Partition Problem:,https://www.geeksforgeeks.org/ ,Painters Partition Problem:,Medium
Searching & Sorting,ROTI-Prata SPOJ,https://www.geeksforgeeks.org/ ,ROTI-Prata SPOJ,Medium
Searching & Sorting,DoubleHelix SPOJ,https://www.geeksforgeeks.org/ ,DoubleHelix SPOJ,Medium
Searching & Sorting,Subset Sums,https://www.geeksforgeeks.org/ ,Subset Sums,Medium
Searching & Sorting,Findthe inversion count,https://www.geeksforgeeks.org/ ,Findthe inversion count,Medium
Searching & Sorting,Implement Merge-sort in-place,https://www.geeksforgeeks.org/ ,Implement Merge-sort in-place,Easy
Searching & Sorting,Partitioning and Sorting Arrays with Many Repeated Entries,https://www.geeksforgeeks.org/ ,Partitioning and Sorting Arrays with Many Repeated Entries,Medium
,,https://www.geeksforgeeks.org/ ,nan,Medium
,,https://www.geeksforgeeks.org/ ,nan,Medium
LinkedList,Write a Program to reverse the Linked List. (Both Iterative and recursive),https://www.geeksforgeeks.org/ ,Write a Program to reverse the Linked List. (Both Iterative and recursive),Easy
LinkedList,Reverse a Linked List in group of Given Size. [Very Imp],https://www.geeksforgeeks.org/ ,Reverse a Linked List in group of Given Size. [Very Imp],Easy
LinkedList,Write a program to Detect loop in a linked list.,https://www.geeksforgeeks.org/ ,Write a program to Detect loop in a linked list.,Medium
LinkedList,Write a program to Delete loop in a linked list.,https://www.geeksforgeeks.org/ ,Write a program to Delete loop in a linked list.,Medium
LinkedList,Find the starting point of the loop. ,https://www.geeksforgeeks.org/ ,Find the starting point of the loop.,Medium
LinkedList,Remove Duplicates in a sorted Linked List.,https://www.geeksforgeeks.org/ ,Remove Duplicates in a sorted Linked List.,Medium
LinkedList,Remove Duplicates in a Un-sorted Linked List.,https://www.geeksforgeeks.org/ ,Remove Duplicates in a Un-sorted Linked List.,Medium
LinkedList,Write a Program to Move the last element to Front in a Linked List.,https://www.geeksforgeeks.org/ ,Write a Program to Move the last element to Front in a Linked List.,Medium
LinkedList,Add “1” to a number represented as a Linked List.,https://www.geeksforgeeks.org/ ,Add “1” to a number represented as a Linked List.,Medium
LinkedList,Add two numbers represented by linked lists.,https://www.geeksforgeeks.org/ ,Add two numbers represented by linked lists.,Medium
LinkedList,Intersection of two Sorted Linked List.,https://www.geeksforgeeks.org/ ,Intersection of two Sorted Linked List.,Medium
LinkedList,Intersection Point of two Linked Lists.,https://www.geeksforgeeks.org/ ,Intersection Point of two Linked Lists.,Medium
LinkedList,Merge Sort For Linked lists.[Very Important],https://www.geeksforgeeks.org/ ,Merge Sort For Linked lists.[Very Important],Easy
LinkedList,Quicksort for Linked Lists.[Very Important],https://www.geeksforgeeks.org/ ,Quicksort for Linked Lists.[Very Important],Medium
LinkedList,Find the middle Element of a linked list.,https://www.geeksforgeeks.org/ ,Find the middle Element of a linked list.,Medium
LinkedList,Check if a linked list is a circular linked list.,https://www.geeksforgeeks.org/ ,Check if a linked list is a circular linked list.,Medium
LinkedList,Split a Circular linked list into two halves.,https://www.geeksforgeeks.org/ ,Split a Circular linked list into two halves.,Medium
LinkedList,Write a Program to check whether the Singly Linked list is a palindrome or not.,https://www.geeksforgeeks.org/ ,Write a Program to check whether the Singly Linked list is a palindrome or not.,Easy
LinkedList,Deletion from a Circular Linked List.,https://www.geeksforgeeks.org/ ,Deletion from a Circular Linked List.,Medium
LinkedList,Reverse a Doubly Linked list.,https://www.geeksforgeeks.org/ ,Reverse a Doubly Linked list.,Easy
LinkedList,Find pairs with a given sum in a DLL.,https://www.geeksforgeeks.org/ ,Find pairs with a given sum in a DLL.,Medium
LinkedList,Count triplets in a sorted DLL whose sum is equal to given value “X”.,https://www.geeksforgeeks.org/ ,Count triplets in a sorted DLL whose sum is equal to given value “X”.,Medium
LinkedList,Sort a “k”sorted Doubly Linked list.[Very IMP],https://www.geeksforgeeks.org/ ,Sort a “k”sorted Doubly Linked list.[Very IMP],Medium
LinkedList,Rotate DoublyLinked list by N nodes.,https://www.geeksforgeeks.org/ ,Rotate DoublyLinked list by N nodes.,Medium
LinkedList,Rotate a Doubly Linked list in group of Given Size.[Very IMP],https://www.geeksforgeeks.org/ ,Rotate a Doubly Linked list in group of Given Size.[Very IMP],Medium
LinkedList,Can we reverse a linked list in less than O(n) ?,https://www.geeksforgeeks.org/ ,Can we reverse a linked list in less than O(n) ?,Easy
LinkedList,Why Quicksort is preferred for. Arrays and Merge Sort for LinkedLists ?,https://www.geeksforgeeks.org/ ,Why Quicksort is preferred for. Arrays and Merge Sort for LinkedLists ?,Easy
LinkedList,Flatten a Linked List,https://www.geeksforgeeks.org/ ,Flatten a Linked List,Medium
LinkedList,"Sort a LL of 0's, 1's and 2's",https://www.geeksforgeeks.org/ ,"Sort a LL of 0's, 1's and 2's",Medium
LinkedList,Clone a linked list with next and random pointer,https://www.geeksforgeeks.org/ ,Clone a linked list with next and random pointer,Medium
LinkedList,Merge K sorted Linked list,https://www.geeksforgeeks.org/ ,Merge K sorted Linked list,Easy
LinkedList,Multiply 2 no. represented by LL,https://www.geeksforgeeks.org/ ,Multiply 2 no. represented by LL,Medium
LinkedList,Delete nodes which have a greater value on right side,https://www.geeksforgeeks.org/ ,Delete nodes which have a greater value on right side,Medium
LinkedList,Segregate even and odd nodes in a Linked List,https://www.geeksforgeeks.org/ ,Segregate even and odd nodes in a Linked List,Medium
LinkedList,Program for n’th node from the end of a Linked List,https://www.geeksforgeeks.org/ ,Program for n’th node from the end of a Linked List,Medium
LinkedList,Find the first non-repeating character from a stream of characters,https://www.geeksforgeeks.org/ ,Find the first non-repeating character from a stream of characters,Medium
,,https://www.geeksforgeeks.org/ ,nan,Medium
,,https://www.geeksforgeeks.org/ ,nan,Medium
Binary Trees,level order traversal,https://www.geeksforgeeks.org/ ,level order traversal,Medium
Binary Trees,Reverse Level Order traversal,https://www.geeksforgeeks.org/ ,Reverse Level Order traversal,Easy
Binary Trees,Height of a tree,https://www.geeksforgeeks.org/ ,Height of a tree,Hard
Binary Trees,Diameter of a tree,https://www.geeksforgeeks.org/ ,Diameter of a tree,Hard
Binary Trees,Mirror of a tree,https://www.geeksforgeeks.org/ ,Mirror of a tree,Hard
Binary Trees,Inorder Traversal of a tree both using recursion and Iteration,https://www.geeksforgeeks.org/ ,Inorder Traversal of a tree both using recursion and Iteration,Hard
Binary Trees,Preorder Traversal of a tree both using recursion and Iteration,https://www.geeksforgeeks.org/ ,Preorder Traversal of a tree both using recursion and Iteration,Hard
Binary Trees,Postorder Traversal of a tree both using recursion and Iteration,https://www.geeksforgeeks.org/ ,Postorder Traversal of a tree both using recursion and Iteration,Hard
Binary Trees,Left View of a tree,https://www.geeksforgeeks.org/ ,Left View of a tree,Hard
Binary Trees,Right View of Tree,https://www.geeksforgeeks.org/ ,Right View of Tree,Hard
Binary Trees,Top View of a tree,https://www.geeksforgeeks.org/ ,Top View of a tree,Hard
Binary Trees,Bottom View of a tree,https://www.geeksforgeeks.org/ ,Bottom View of a tree,Hard
Binary Trees,Zig-Zag traversal of a binary tree,https://www.geeksforgeeks.org/ ,Zig-Zag traversal of a binary tree,Hard
Binary Trees,Check if a tree is balanced or not,https://www.geeksforgeeks.org/ ,Check if a tree is balanced or not,Hard
Binary Trees,Diagnol Traversal of a Binary tree,https://www.geeksforgeeks.org/ ,Diagnol Traversal of a Binary tree,Hard
Binary Trees,Boundary traversal of a Binary tree,https://www.geeksforgeeks.org/ ,Boundary traversal of a Binary tree,Hard
Binary Trees,Construct Binary Tree from String with Bracket Representation,https://www.geeksforgeeks.org/ ,Construct Binary Tree from String with Bracket Representation,Hard
Binary Trees,Convert Binary tree into Doubly Linked List,https://www.geeksforgeeks.org/ ,Convert Binary tree into Doubly Linked List,Hard
Binary Trees,Convert Binary tree into Sum tree,https://www.geeksforgeeks.org/ ,Convert Binary tree into Sum tree,Hard
Binary Trees,Construct Binary tree from Inorder and preorder traversal,https://www.geeksforgeeks.org/ ,Construct Binary tree from Inorder and preorder traversal,Hard
Binary Trees,Find minimum swaps required to convert a Binary tree into BST,https://www.geeksforgeeks.org/ ,Find minimum swaps required to convert a Binary tree into BST,Hard
Binary Trees,Check if Binary tree is Sum tree or not,https://www.geeksforgeeks.org/ ,Check if Binary tree is Sum tree or not,Hard
Binary Trees,Check if all leaf nodes are at same level or not,https://www.geeksforgeeks.org/ ,Check if all leaf nodes are at same level or not,Medium
Binary Trees,Check if a Binary Tree contains duplicate subtrees of size 2 or more [ IMP ],https://www.geeksforgeeks.org/ ,Check if a Binary Tree contains duplicate subtrees of size 2 or more [ IMP ],Hard
Binary Trees,Check if 2 trees are mirror or not,https://www.geeksforgeeks.org/ ,Check if 2 trees are mirror or not,Hard
Binary Trees,Sum of Nodes on the Longest path from root to leaf node ,https://www.geeksforgeeks.org/ ,Sum of Nodes on the Longest path from root to leaf node,Medium
Binary Trees,Check if given graph is tree or not.  [ IMP ],https://www.geeksforgeeks.org/ ,Check if given graph is tree or not.  [ IMP ],Hard
Binary Trees,Find Largest subtree sum in a tree,https://www.geeksforgeeks.org/ ,Find Largest subtree sum in a tree,Hard
Binary Trees,Maximum Sum of nodes in Binary tree such that no two are adjacent ,https://www.geeksforgeeks.org/ ,Maximum Sum of nodes in Binary tree such that no two are adjacent,Hard
Binary Trees,"Print all ""K"" Sum paths in a Binary tree",https://www.geeksforgeeks.org/ ,"Print all ""K"" Sum paths in a Binary tree",Hard
Binary Trees,Find LCA in a Binary tree,https://www.geeksforgeeks.org/ ,Find LCA in a Binary tree,Hard
Binary Trees,Find distance between 2 nodes in a Binary tree,https://www.geeksforgeeks.org/ ,Find distance between 2 nodes in a Binary tree,Hard
Binary Trees,Kth Ancestor of node in a Binary tree,https://www.geeksforgeeks.org/ ,Kth Ancestor of node in a Binary tree,Hard
Binary Trees,Find all Duplicate subtrees in a Binary tree [ IMP ],https://www.geeksforgeeks.org/ ,Find all Duplicate subtrees in a Binary tree [ IMP ],Hard
Binary Trees,Tree Isomorphism Problem,https://www.geeksforgeeks.org/ ,Tree Isomorphism Problem,Hard
,,https://www.geeksforgeeks.org/ ,nan,Medium
,,https://www.geeksforgeeks.org/ ,nan,Medium
Binary Search Trees,Fina a value in a BST,https://www.geeksforgeeks.org/ ,Fina a value in a BST,Medium
Binary Search Trees,Deletion of a node in a BST,https://www.geeksforgeeks.org/ ,Deletion of a node in a BST,Medium
Binary Search Trees,Find min and max value in a BST,https://www.geeksforgeeks.org/ ,Find min and max value in a BST,Medium
Binary Search Trees,Find inorder successor and inorder predecessor in a BST,https://www.geeksforgeeks.org/ ,Find inorder successor and inorder predecessor in a BST,Medium
Binary Search Trees,Check if a tree is a BST or not ,https://www.geeksforgeeks.org/ ,Check if a tree is a BST or not,Hard
Binary Search Trees,Populate Inorder successor of all nodes,https://www.geeksforgeeks.org/ ,Populate Inorder successor of all nodes,Medium
Binary Search Trees,Find LCA  of 2 nodes in a BST,https://www.geeksforgeeks.org/ ,Find LCA  of 2 nodes in a BST,Medium
Binary Search Trees,Construct BST from preorder traversal,https://www.geeksforgeeks.org/ ,Construct BST from preorder traversal,Medium
Binary Search Trees,Convert Binary tree into BST,https://www.geeksforgeeks.org/ ,Convert Binary tree into BST,Hard
Binary Search Trees,Convert a normal BST into a Balanced BST,https://www.geeksforgeeks.org/ ,Convert a normal BST into a Balanced BST,Medium
Binary Search Trees,Merge two BST [ V.V.V>IMP ],https://www.geeksforgeeks.org/ ,Merge two BST [ V.V.V>IMP ],Easy
Binary Search Trees,Find Kth largest element in a BST,https://www.geeksforgeeks.org/ ,Find Kth largest element in a BST,Medium
Binary Search Trees,Find Kth smallest element in a BST,https://www.geeksforgeeks.org/ ,Find Kth smallest element in a BST,Medium
Binary Search Trees,"Count pairs from 2 BST whose sum is equal to given value ""X""",https://www.geeksforgeeks.org/ ,"Count pairs from 2 BST whose sum is equal to given value ""X""",Medium
Binary Search Trees,Find the median of BST in O(n) time and O(1) space,https://www.geeksforgeeks.org/ ,Find the median of BST in O(n) time and O(1) space,Medium
Binary Search Trees,Count BST ndoes that lie in a given range,https://www.geeksforgeeks.org/ ,Count BST ndoes that lie in a given range,Medium
Binary Search Trees,Replace every element with the least greater element on its right,https://www.geeksforgeeks.org/ ,Replace every element with the least greater element on its right,Medium
Binary Search Trees,"Given ""n"" appointments, find the conflicting appointments",https://www.geeksforgeeks.org/ ,"Given ""n"" appointments, find the conflicting appointments",Medium
Binary Search Trees,Check preorder is valid or not,https://www.geeksforgeeks.org/ ,Check preorder is valid or not,Easy
Binary Search Trees,Check whether BST contains Dead end,https://www.geeksforgeeks.org/ ,Check whether BST contains Dead end,Medium
Binary Search Trees,Largest BST in a Binary Tree [ V.V.V.V.V IMP ],https://www.geeksforgeeks.org/ ,Largest BST in a Binary Tree [ V.V.V.V.V IMP ],Hard
Binary Search Trees,Flatten BST to sorted list,https://www.geeksforgeeks.org/ ,Flatten BST to sorted list,Medium
,,https://www.geeksforgeeks.org/ ,nan,Medium
,,https://www.geeksforgeeks.org/ ,nan,Medium
Greedy,Activity Selection Problem,https://www.geeksforgeeks.org/ ,Activity Selection Problem,Medium
Greedy,Job SequencingProblem,https://www.geeksforgeeks.org/ ,Job SequencingProblem,Medium
Greedy,Huffman Coding,https://www.geeksforgeeks.org/ ,Huffman Coding,Medium
Greedy,Water Connection Problem,https://www.geeksforgeeks.org/ ,Water Connection Problem,Medium
Greedy,Fractional Knapsack Problem,https://www.geeksforgeeks.org/ ,Fractional Knapsack Problem,Medium
Greedy,Greedy Algorithm to find Minimum number of Coins,https://www.geeksforgeeks.org/ ,Greedy Algorithm to find Minimum number of Coins,Medium
Greedy,Maximum trains for which stoppage can be provided,https://www.geeksforgeeks.org/ ,Maximum trains for which stoppage can be provided,Medium
Greedy,Minimum Platforms Problem,https://www.geeksforgeeks.org/ ,Minimum Platforms Problem,Medium
Greedy,Buy Maximum Stocks if i stocks can be bought on i-th day,https://www.geeksforgeeks.org/ ,Buy Maximum Stocks if i stocks can be bought on i-th day,Medium
Greedy,Find the minimum and maximum amount to buy all N candies,https://www.geeksforgeeks.org/ ,Find the minimum and maximum amount to buy all N candies,Medium
Greedy,Minimize Cash Flow among a given set of friends who have borrowed money from each other,https://www.geeksforgeeks.org/ ,Minimize Cash Flow among a given set of friends who have borrowed money from each other,Medium
Greedy,Minimum Cost to cut a board into squares,https://www.geeksforgeeks.org/ ,Minimum Cost to cut a board into squares,Medium
Greedy,Check if it is possible to survive on Island,https://www.geeksforgeeks.org/ ,Check if it is possible to survive on Island,Medium
Greedy,Find maximum meetings in one room,https://www.geeksforgeeks.org/ ,Find maximum meetings in one room,Medium
Greedy,Maximum product subset of an array,https://www.geeksforgeeks.org/ ,Maximum product subset of an array,Medium
Greedy,Maximize array sum after K negations,https://www.geeksforgeeks.org/ ,Maximize array sum after K negations,Medium
Greedy,Maximize the sum of arr[i]*i,https://www.geeksforgeeks.org/ ,Maximize the sum of arr[i]*i,Medium
Greedy,Maximum sum of absolute difference of an array,https://www.geeksforgeeks.org/ ,Maximum sum of absolute difference of an array,Medium
Greedy,Maximize sum of consecutive differences in a circular array,https://www.geeksforgeeks.org/ ,Maximize sum of consecutive differences in a circular array,Medium
Greedy,Minimum sum of absolute difference of pairs of two arrays,https://www.geeksforgeeks.org/ ,Minimum sum of absolute difference of pairs of two arrays,Medium
Greedy,Program for Shortest Job First (or SJF) CPU Scheduling,https://www.geeksforgeeks.org/ ,Program for Shortest Job First (or SJF) CPU Scheduling,Medium
Greedy,Program for Least Recently Used (LRU) Page Replacement algorithm,https://www.geeksforgeeks.org/ ,Program for Least Recently Used (LRU) Page Replacement algorithm,Medium
Greedy,Smallest subset with sum greater than all other elements,https://www.geeksforgeeks.org/ ,Smallest subset with sum greater than all other elements,Medium
Greedy,Chocolate Distribution Problem,https://www.geeksforgeeks.org/ ,Chocolate Distribution Problem,Medium
Greedy,DEFKIN -Defense of a Kingdom,https://www.geeksforgeeks.org/ ,DEFKIN -Defense of a Kingdom,Medium
Greedy,DIEHARD -DIE HARD,https://www.geeksforgeeks.org/ ,DIEHARD -DIE HARD,Medium
Greedy,GERGOVIA -Wine trading in Gergovia,https://www.geeksforgeeks.org/ ,GERGOVIA -Wine trading in Gergovia,Medium
Greedy,Picking Up Chicks,https://www.geeksforgeeks.org/ ,Picking Up Chicks,Medium
Greedy,CHOCOLA –Chocolate,https://www.geeksforgeeks.org/ ,CHOCOLA –Chocolate,Medium
Greedy,ARRANGE -Arranging Amplifiers,https://www.geeksforgeeks.org/ ,ARRANGE -Arranging Amplifiers,Medium
Greedy,K Centers Problem,https://www.geeksforgeeks.org/ ,K Centers Problem,Medium
Greedy,Minimum Cost of ropes,https://www.geeksforgeeks.org/ ,Minimum Cost of ropes,Medium
Greedy,Find smallest number with given number of digits and sum of digits,https://www.geeksforgeeks.org/ ,Find smallest number with given number of digits and sum of digits,Medium
Greedy,Rearrange characters in a string such that no two adjacent are same,https://www.geeksforgeeks.org/ ,Rearrange characters in a string such that no two adjacent are same,Medium
Greedy,Find maximum sum possible equal sum of three stacks,https://www.geeksforgeeks.org/ ,Find maximum sum possible equal sum of three stacks,Medium
,,https://www.geeksforgeeks.org/ ,nan,Medium
,,https://www.geeksforgeeks.org/ ,nan,Medium
BackTracking,Rat in a maze Problem,https://www.geeksforgeeks.org/ ,Rat in a maze Problem,Medium
BackTracking,Printing all solutions in N-Queen Problem,https://www.geeksforgeeks.org/ ,Printing all solutions in N-Queen Problem,Medium
BackTracking,Word Break Problem using Backtracking,https://www.geeksforgeeks.org/ ,Word Break Problem using Backtracking,Hard
BackTracking,Remove Invalid Parentheses,https://www.geeksforgeeks.org/ ,Remove Invalid Parentheses,Easy
BackTracking,Sudoku Solver,https://www.geeksforgeeks.org/ ,Sudoku Solver,Medium
BackTracking,m Coloring Problem,https://www.geeksforgeeks.org/ ,m Coloring Problem,Medium
BackTracking,Print all palindromic partitions of a string,https://www.geeksforgeeks.org/ ,Print all palindromic partitions of a string,Medium
BackTracking,Subset Sum Problem,https://www.geeksforgeeks.org/ ,Subset Sum Problem,Medium
BackTracking,The Knight’s tour problem,https://www.geeksforgeeks.org/ ,The Knight’s tour problem,Medium
BackTracking,Tug of War,https://www.geeksforgeeks.org/ ,Tug of War,Medium
BackTracking,Find shortest safe route in a path with landmines,https://www.geeksforgeeks.org/ ,Find shortest safe route in a path with landmines,Medium
BackTracking,Combinational Sum,https://www.geeksforgeeks.org/ ,Combinational Sum,Medium
BackTracking,Find Maximum number possible by doing at-most K swaps,https://www.geeksforgeeks.org/ ,Find Maximum number possible by doing at-most K swaps,Medium
BackTracking,Print all permutations of a string ,https://www.geeksforgeeks.org/ ,Print all permutations of a string,Medium
BackTracking,Find if there is a path of more than k length from a source,https://www.geeksforgeeks.org/ ,Find if there is a path of more than k length from a source,Medium
BackTracking,Longest Possible Route in a Matrix with Hurdles,https://www.geeksforgeeks.org/ ,Longest Possible Route in a Matrix with Hurdles,Hard
BackTracking,Print all possible paths from top left to bottom right of a mXn matrix,https://www.geeksforgeeks.org/ ,Print all possible paths from top left to bottom right of a mXn matrix,Hard
BackTracking,Partition of a set intoK subsets with equal sum,https://www.geeksforgeeks.org/ ,Partition of a set intoK subsets with equal sum,Medium
BackTracking,Find the K-th Permutation Sequence of first N natural numbers,https://www.geeksforgeeks.org/ ,Find the K-th Permutation Sequence of first N natural numbers,Medium
,,https://www.geeksforgeeks.org/ ,nan,Medium
,,https://www.geeksforgeeks.org/ ,nan,Medium
Stacks & Queues, Implement Stack from Scratch,https://www.geeksforgeeks.org/ ,Implement Stack from Scratch,Medium
Stacks & Queues, Implement Queue from Scratch,https://www.geeksforgeeks.org/ ,Implement Queue from Scratch,Medium
Stacks & Queues,Implement 2 stack in an array,https://www.geeksforgeeks.org/ ,Implement 2 stack in an array,Medium
Stacks & Queues,find the middle element of a stack,https://www.geeksforgeeks.org/ ,find the middle element of a stack,Medium
Stacks & Queues,"Implement ""N"" stacks in an Array",https://www.geeksforgeeks.org/ ,"Implement ""N"" stacks in an Array",Medium
Stacks & Queues,Check the expression has valid or Balanced parenthesis or not.,https://www.geeksforgeeks.org/ ,Check the expression has valid or Balanced parenthesis or not.,Easy
Stacks & Queues,Reverse a String using Stack,https://www.geeksforgeeks.org/ ,Reverse a String using Stack,Easy
Stacks & Queues,Design a Stack that supports getMin() in O(1) time and O(1) extra space.,https://www.geeksforgeeks.org/ ,Design a Stack that supports getMin() in O(1) time and O(1) extra space.,Medium
Stacks & Queues,Find the next Greater element,https://www.geeksforgeeks.org/ ,Find the next Greater element,Medium
Stacks & Queues,The celebrity Problem,https://www.geeksforgeeks.org/ ,The celebrity Problem,Medium
Stacks & Queues,Arithmetic Expression evaluation,https://www.geeksforgeeks.org/ ,Arithmetic Expression evaluation,Medium
Stacks & Queues,Evaluation of Postfix expression,https://www.geeksforgeeks.org/ ,Evaluation of Postfix expression,Medium
Stacks & Queues,Implement a method to insert an element at its bottom without using any other data structure.,https://www.geeksforgeeks.org/ ,Implement a method to insert an element at its bottom without using any other data structure.,Medium
Stacks & Queues,Reverse a stack using recursion,https://www.geeksforgeeks.org/ ,Reverse a stack using recursion,Easy
Stacks & Queues,Sort a Stack using recursion,https://www.geeksforgeeks.org/ ,Sort a Stack using recursion,Medium
Stacks & Queues,Merge Overlapping Intervals,https://www.geeksforgeeks.org/ ,Merge Overlapping Intervals,Easy
Stacks & Queues,Largest rectangular Area in Histogram,https://www.geeksforgeeks.org/ ,Largest rectangular Area in Histogram,Medium
Stacks & Queues,Length of the Longest Valid Substring,https://www.geeksforgeeks.org/ ,Length of the Longest Valid Substring,Easy
Stacks & Queues,Expression contains redundant bracket or not,https://www.geeksforgeeks.org/ ,Expression contains redundant bracket or not,Medium
Stacks & Queues,Implement Stack using Queue,https://www.geeksforgeeks.org/ ,Implement Stack using Queue,Medium
Stacks & Queues,Implement Stack using Deque,https://www.geeksforgeeks.org/ ,Implement Stack using Deque,Medium
Stacks & Queues,Stack Permutations (Check if an array is stack permutation of other),https://www.geeksforgeeks.org/ ,Stack Permutations (Check if an array is stack permutation of other),Medium
Stacks & Queues,Implement Queue using Stack  ,https://www.geeksforgeeks.org/ ,Implement Queue using Stack,Medium
Stacks & Queues,"Implement ""n"" queue in an array",https://www.geeksforgeeks.org/ ,"Implement ""n"" queue in an array",Medium
Stacks & Queues,Implement a Circular queue,https://www.geeksforgeeks.org/ ,Implement a Circular queue,Medium
Stacks & Queues,LRU Cache Implementationa,https://www.geeksforgeeks.org/ ,LRU Cache Implementationa,Medium
Stacks & Queues,Reverse a Queue using recursion,https://www.geeksforgeeks.org/ ,Reverse a Queue using recursion,Easy
Stacks & Queues,Reverse the first “K” elements of a queue,https://www.geeksforgeeks.org/ ,Reverse the first “K” elements of a queue,Easy
Stacks & Queues,Interleave the first half of the queue with second half,https://www.geeksforgeeks.org/ ,Interleave the first half of the queue with second half,Medium
Stacks & Queues,Find the first circular tour that visits all Petrol Pumps,https://www.geeksforgeeks.org/ ,Find the first circular tour that visits all Petrol Pumps,Medium
Stacks & Queues,Minimum time required to rot all oranges,https://www.geeksforgeeks.org/ ,Minimum time required to rot all oranges,Medium
Stacks & Queues,Distance of nearest cell having 1 in a binary matrix,https://www.geeksforgeeks.org/ ,Distance of nearest cell having 1 in a binary matrix,Hard
Stacks & Queues,First negative integer in every window of size “k”,https://www.geeksforgeeks.org/ ,First negative integer in every window of size “k”,Medium
Stacks & Queues,Check if all levels of two trees are anagrams or not.,https://www.geeksforgeeks.org/ ,Check if all levels of two trees are anagrams or not.,Hard
Stacks & Queues,Sum of minimum and maximum elements of all subarrays of size “k”.,https://www.geeksforgeeks.org/ ,Sum of minimum and maximum elements of all subarrays of size “k”.,Medium
Stacks & Queues,Minimum sum of squares of character counts in a given string after removing “k” characters.,https://www.geeksforgeeks.org/ ,Minimum sum of squares of character counts in a given string after removing “k” characters.,Medium
Stacks & Queues,Queue based approach or first non-repeating character in a stream.,https://www.geeksforgeeks.org/ ,Queue based approach or first non-repeating character in a stream.,Medium
Stacks & Queues,Next Smaller Element,https://www.geeksforgeeks.org/ ,Next Smaller Element,Medium
,,https://www.geeksforgeeks.org/ ,nan,Medium
,,https://www.geeksforgeeks.org/ ,nan,Medium
Heap,Implement a Maxheap/MinHeap using arrays and recursion.,https://www.geeksforgeeks.org/ ,Implement a Maxheap/MinHeap using arrays and recursion.,Medium
Heap,Sort an Array using heap. (HeapSort),https://www.geeksforgeeks.org/ ,Sort an Array using heap. (HeapSort),Medium
Heap,Maximum of all subarrays of size k.,https://www.geeksforgeeks.org/ ,Maximum of all subarrays of size k.,Medium
Heap,“k” largest element in an array,https://www.geeksforgeeks.org/ ,“k” largest element in an array,Medium
Heap,Kth smallest and largest element in an unsorted array,https://www.geeksforgeeks.org/ ,Kth smallest and largest element in an unsorted array,Medium
Heap,Merge “K” sorted arrays. [ IMP ],https://www.geeksforgeeks.org/ ,Merge “K” sorted arrays. [ IMP ],Easy
Heap,Merge 2 Binary Max Heaps,https://www.geeksforgeeks.org/ ,Merge 2 Binary Max Heaps,Easy
Heap,Kth largest sum continuous subarrays,https://www.geeksforgeeks.org/ ,Kth largest sum continuous subarrays,Medium
Heap,Leetcode- reorganize strings,https://www.geeksforgeeks.org/ ,Leetcode- reorganize strings,Medium
Heap,Merge “K” Sorted Linked Lists [V.IMP],https://www.geeksforgeeks.org/ ,Merge “K” Sorted Linked Lists [V.IMP],Easy
Heap,Smallest range in “K” Lists,https://www.geeksforgeeks.org/ ,Smallest range in “K” Lists,Medium
Heap,Median in a stream of Integers,https://www.geeksforgeeks.org/ ,Median in a stream of Integers,Medium
Heap,Check if a Binary Tree is Heap,https://www.geeksforgeeks.org/ ,Check if a Binary Tree is Heap,Hard
Heap,Connect “n” ropes with minimum cost,https://www.geeksforgeeks.org/ ,Connect “n” ropes with minimum cost,Medium
Heap,Convert BST to Min Heap,https://www.geeksforgeeks.org/ ,Convert BST to Min Heap,Medium
Heap,Convert min heap to max heap,https://www.geeksforgeeks.org/ ,Convert min heap to max heap,Medium
Heap,Rearrange characters in a string such that no two adjacent are same.,https://www.geeksforgeeks.org/ ,Rearrange characters in a string such that no two adjacent are same.,Medium
Heap,Minimum sum of two numbers formed from digits of an array,https://www.geeksforgeeks.org/ ,Minimum sum of two numbers formed from digits of an array,Medium
,,https://www.geeksforgeeks.org/ ,nan,Medium
,,https://www.geeksforgeeks.org/ ,nan,Medium
Graph,"Create a Graph, print it",https://www.geeksforgeeks.org/ ,"Create a Graph, print it",Hard
Graph,Implement BFS algorithm ,https://www.geeksforgeeks.org/ ,Implement BFS algorithm,Medium
Graph,Implement DFS Algo ,https://www.geeksforgeeks.org/ ,Implement DFS Algo,Medium
Graph,Detect Cycle in Directed Graph using BFS/DFS Algo ,https://www.geeksforgeeks.org/ ,Detect Cycle in Directed Graph using BFS/DFS Algo,Hard
Graph,Detect Cycle in UnDirected Graph using BFS/DFS Algo ,https://www.geeksforgeeks.org/ ,Detect Cycle in UnDirected Graph using BFS/DFS Algo,Hard
Graph,Search in a Maze,https://www.geeksforgeeks.org/ ,Search in a Maze,Medium
Graph,Minimum Step by Knight,https://www.geeksforgeeks.org/ ,Minimum Step by Knight,Medium
Graph,flood fill algo,https://www.geeksforgeeks.org/ ,flood fill algo,Medium
Graph,Clone a graph,https://www.geeksforgeeks.org/ ,Clone a graph,Hard
Graph,Making wired Connections,https://www.geeksforgeeks.org/ ,Making wired Connections,Medium
Graph,word Ladder ,https://www.geeksforgeeks.org/ ,word Ladder,Medium
Graph,Dijkstra algo,https://www.geeksforgeeks.org/ ,Dijkstra algo,Medium
Graph,Implement Topological Sort ,https://www.geeksforgeeks.org/ ,Implement Topological Sort,Medium
Graph,Minimum time taken by each job to be completed given by a Directed Acyclic Graph,https://www.geeksforgeeks.org/ ,Minimum time taken by each job to be completed given by a Directed Acyclic Graph,Hard
Graph,Find whether it is possible to finish all tasks or not from given dependencies,https://www.geeksforgeeks.org/ ,Find whether it is possible to finish all tasks or not from given dependencies,Medium
Graph,Find the no. of Isalnds,https://www.geeksforgeeks.org/ ,Find the no. of Isalnds,Medium
Graph,"Given a sorted Dictionary of an Alien Language, find order of characters",https://www.geeksforgeeks.org/ ,"Given a sorted Dictionary of an Alien Language, find order of characters",Medium
Graph,Implement Kruksal’sAlgorithm,https://www.geeksforgeeks.org/ ,Implement Kruksal’sAlgorithm,Medium
Graph,Implement Prim’s Algorithm,https://www.geeksforgeeks.org/ ,Implement Prim’s Algorithm,Medium
Graph,Total no. of Spanning tree in a graph,https://www.geeksforgeeks.org/ ,Total no. of Spanning tree in a graph,Hard
Graph,Implement Bellman Ford Algorithm,https://www.geeksforgeeks.org/ ,Implement Bellman Ford Algorithm,Medium
Graph,Implement Floyd warshallAlgorithm,https://www.geeksforgeeks.org/ ,Implement Floyd warshallAlgorithm,Medium
Graph,Travelling Salesman Problem,https://www.geeksforgeeks.org/ ,Travelling Salesman Problem,Medium
Graph,Graph ColouringProblem,https://www.geeksforgeeks.org/ ,Graph ColouringProblem,Hard
Graph,Snake and Ladders Problem,https://www.geeksforgeeks.org/ ,Snake and Ladders Problem,Medium
Graph,Find bridge in a graph,https://www.geeksforgeeks.org/ ,Find bridge in a graph,Hard
Graph,Count Strongly connected Components(Kosaraju Algo),https://www.geeksforgeeks.org/ ,Count Strongly connected Components(Kosaraju Algo),Medium
Graph,Check whether a graph is Bipartite or Not,https://www.geeksforgeeks.org/ ,Check whether a graph is Bipartite or Not,Hard
Graph,Detect Negative cycle in a graph,https://www.geeksforgeeks.org/ ,Detect Negative cycle in a graph,Hard
Graph,Longest path in a Directed Acyclic Graph,https://www.geeksforgeeks.org/ ,Longest path in a Directed Acyclic Graph,Hard
Graph,Journey to the Moon,https://www.geeksforgeeks.org/ ,Journey to the Moon,Medium
Graph,Cheapest Flights Within K Stops,https://www.geeksforgeeks.org/ ,Cheapest Flights Within K Stops,Medium
Graph,Oliver and the Game,https://www.geeksforgeeks.org/ ,Oliver and the Game,Medium
Graph,Water Jug problem using BFS,https://www.geeksforgeeks.org/ ,Water Jug problem using BFS,Medium
Graph,Water Jug problem using BFS,https://www.geeksforgeeks.org/ ,Water Jug problem using BFS,Medium
Graph,Find if there is a path of more thank length from a source,https://www.geeksforgeeks.org/ ,Find if there is a path of more thank length from a source,Medium
Graph,M-ColouringProblem,https://www.geeksforgeeks.org/ ,M-ColouringProblem,Medium
Graph,Minimum edges to reverse o make path from source to destination,https://www.geeksforgeeks.org/ ,Minimum edges to reverse o make path from source to destination,Easy
Graph,Paths to travel each nodes using each edge(Seven Bridges),https://www.geeksforgeeks.org/ ,Paths to travel each nodes using each edge(Seven Bridges),Medium
Graph,Vertex Cover Problem,https://www.geeksforgeeks.org/ ,Vertex Cover Problem,Medium
Graph,Chinese Postman or Route Inspection,https://www.geeksforgeeks.org/ ,Chinese Postman or Route Inspection,Medium
Graph,Number of Triangles in a Directed and Undirected Graph,https://www.geeksforgeeks.org/ ,Number of Triangles in a Directed and Undirected Graph,Hard
Graph,Minimise the cashflow among a given set of friends who have borrowed money from each other,https://www.geeksforgeeks.org/ ,Minimise the cashflow among a given set of friends who have borrowed money from each other,Medium
Graph,Two Clique Problem,https://www.geeksforgeeks.org/ ,Two Clique Problem,Medium
,,https://www.geeksforgeeks.org/ ,nan,Medium
,,https://www.geeksforgeeks.org/ ,nan,Medium
Trie,Construct a trie from scratch,https://www.geeksforgeeks.org/ ,Construct a trie from scratch,Medium
Trie,Find shortest unique prefix for every word in a given list,https://www.geeksforgeeks.org/ ,Find shortest unique prefix for every word in a given list,Medium
Trie,Word Break Problem | (Trie solution),https://www.geeksforgeeks.org/ ,Word Break Problem | (Trie solution),Medium
Trie,"Given a sequence of words, print all anagrams together",https://www.geeksforgeeks.org/ ,"Given a sequence of words, print all anagrams together",Medium
Trie,Implement a Phone Directory,https://www.geeksforgeeks.org/ ,Implement a Phone Directory,Medium
Trie,Print unique rows in a given boolean matrix,https://www.geeksforgeeks.org/ ,Print unique rows in a given boolean matrix,Hard
,,https://www.geeksforgeeks.org/ ,nan,Medium
,,https://www.geeksforgeeks.org/ ,nan,Medium
Dynamic Programming,Coin ChangeProblem,https://www.geeksforgeeks.org/ ,Coin ChangeProblem,Medium
Dynamic Programming,Knapsack Problem,https://www.geeksforgeeks.org/ ,Knapsack Problem,Medium
Dynamic Programming,Binomial CoefficientProblem,https://www.geeksforgeeks.org/ ,Binomial CoefficientProblem,Medium
Dynamic Programming,Permutation CoefficientProblem,https://www.geeksforgeeks.org/ ,Permutation CoefficientProblem,Medium
Dynamic Programming,Program for nth Catalan Number,https://www.geeksforgeeks.org/ ,Program for nth Catalan Number,Medium
Dynamic Programming,Matrix Chain Multiplication ,https://www.geeksforgeeks.org/ ,Matrix Chain Multiplication,Hard
Dynamic Programming,Edit Distance,https://www.geeksforgeeks.org/ ,Edit Distance,Medium
Dynamic Programming,Subset Sum Problem,https://www.geeksforgeeks.org/ ,Subset Sum Problem,Medium
Dynamic Programming,Friends Pairing Problem,https://www.geeksforgeeks.org/ ,Friends Pairing Problem,Medium
Dynamic Programming,Gold Mine Problem,https://www.geeksforgeeks.org/ ,Gold Mine Problem,Medium
Dynamic Programming,Assembly Line SchedulingProblem,https://www.geeksforgeeks.org/ ,Assembly Line SchedulingProblem,Medium
Dynamic Programming,Painting the Fenceproblem,https://www.geeksforgeeks.org/ ,Painting the Fenceproblem,Medium
Dynamic Programming,Maximize The Cut Segments,https://www.geeksforgeeks.org/ ,Maximize The Cut Segments,Medium
Dynamic Programming,Longest Common Subsequence,https://www.geeksforgeeks.org/ ,Longest Common Subsequence,Medium
Dynamic Programming,Longest Repeated Subsequence,https://www.geeksforgeeks.org/ ,Longest Repeated Subsequence,Medium
Dynamic Programming,Longest Increasing Subsequence,https://www.geeksforgeeks.org/ ,Longest Increasing Subsequence,Medium
Dynamic Programming,Space Optimized Solution of LCS,https://www.geeksforgeeks.org/ ,Space Optimized Solution of LCS,Medium
Dynamic Programming,LCS (Longest Common Subsequence) of three strings,https://www.geeksforgeeks.org/ ,LCS (Longest Common Subsequence) of three strings,Medium
Dynamic Programming,Maximum Sum Increasing Subsequence,https://www.geeksforgeeks.org/ ,Maximum Sum Increasing Subsequence,Medium
Dynamic Programming,Count all subsequences having product less than K,https://www.geeksforgeeks.org/ ,Count all subsequences having product less than K,Medium
Dynamic Programming,Longest subsequence such that difference between adjacent is one,https://www.geeksforgeeks.org/ ,Longest subsequence such that difference between adjacent is one,Medium
Dynamic Programming,Maximum subsequence sum such that no three are consecutive,https://www.geeksforgeeks.org/ ,Maximum subsequence sum such that no three are consecutive,Medium
Dynamic Programming,Egg Dropping Problem,https://www.geeksforgeeks.org/ ,Egg Dropping Problem,Medium
Dynamic Programming,Maximum Length Chain of Pairs,https://www.geeksforgeeks.org/ ,Maximum Length Chain of Pairs,Medium
Dynamic Programming,Maximum size square sub-matrix with all 1s,https://www.geeksforgeeks.org/ ,Maximum size square sub-matrix with all 1s,Hard
Dynamic Programming,Maximum sum of pairs with specific difference,https://www.geeksforgeeks.org/ ,Maximum sum of pairs with specific difference,Medium
Dynamic Programming,Min Cost PathProblem,https://www.geeksforgeeks.org/ ,Min Cost PathProblem,Medium
Dynamic Programming,Maximum difference of zeros and ones in binary string,https://www.geeksforgeeks.org/ ,Maximum difference of zeros and ones in binary string,Medium
Dynamic Programming,Minimum number of jumps to reach end,https://www.geeksforgeeks.org/ ,Minimum number of jumps to reach end,Medium
Dynamic Programming,Minimum cost to fill given weight in a bag,https://www.geeksforgeeks.org/ ,Minimum cost to fill given weight in a bag,Medium
Dynamic Programming,Minimum removals from array to make max –min <= K,https://www.geeksforgeeks.org/ ,Minimum removals from array to make max –min <= K,Medium
Dynamic Programming,Longest Common Substring,https://www.geeksforgeeks.org/ ,Longest Common Substring,Medium
Dynamic Programming,Count number of ways to reacha given score in a game,https://www.geeksforgeeks.org/ ,Count number of ways to reacha given score in a game,Medium
Dynamic Programming,Count Balanced Binary Trees of Height h,https://www.geeksforgeeks.org/ ,Count Balanced Binary Trees of Height h,Hard
Dynamic Programming,LargestSum Contiguous Subarray [V>V>V>V IMP ],https://www.geeksforgeeks.org/ ,LargestSum Contiguous Subarray [V>V>V>V IMP ],Medium
Dynamic Programming,Smallest sum contiguous subarray,https://www.geeksforgeeks.org/ ,Smallest sum contiguous subarray,Medium
Dynamic Programming,Unbounded Knapsack (Repetition of items allowed),https://www.geeksforgeeks.org/ ,Unbounded Knapsack (Repetition of items allowed),Medium
Dynamic Programming,Word Break Problem,https://www.geeksforgeeks.org/ ,Word Break Problem,Medium
Dynamic Programming,Largest Independent Set Problem,https://www.geeksforgeeks.org/ ,Largest Independent Set Problem,Medium
Dynamic Programming,Partition problem,https://www.geeksforgeeks.org/ ,Partition problem,Medium
Dynamic Programming,Longest Palindromic Subsequence,https://www.geeksforgeeks.org/ ,Longest Palindromic Subsequence,Medium
Dynamic Programming,Count All Palindromic Subsequence in a given String,https://www.geeksforgeeks.org/ ,Count All Palindromic Subsequence in a given String,Medium
Dynamic Programming,Longest Palindromic Substring,https://www.geeksforgeeks.org/ ,Longest Palindromic Substring,Medium
Dynamic Programming,Longest alternating subsequence,https://www.geeksforgeeks.org/ ,Longest alternating subsequence,Medium
Dynamic Programming,Weighted Job Scheduling,https://www.geeksforgeeks.org/ ,Weighted Job Scheduling,Medium
Dynamic Programming,Coin game winner where every player has three choices,https://www.geeksforgeeks.org/ ,Coin game winner where every player has three choices,Medium
Dynamic Programming,Count Derangements (Permutation such that no element appears in its original position) [ IMPORTANT ],https://www.geeksforgeeks.org/ ,Count Derangements (Permutation such that no element appears in its original position) [ IMPORTANT ],Medium
Dynamic Programming,Maximum profit by buying and selling a share at most twice [ IMP ],https://www.geeksforgeeks.org/ ,Maximum profit by buying and selling a share at most twice [ IMP ],Medium
Dynamic Programming,Optimal Strategy for a Game,https://www.geeksforgeeks.org/ ,Optimal Strategy for a Game,Medium
Dynamic Programming,Optimal Binary Search Tree,https://www.geeksforgeeks.org/ ,Optimal Binary Search Tree,Easy
Dynamic Programming,Palindrome PartitioningProblem,https://www.geeksforgeeks.org/ ,Palindrome PartitioningProblem,Easy
Dynamic Programming,Word Wrap Problem,https://www.geeksforgeeks.org/ ,Word Wrap Problem,Medium
Dynamic Programming,Mobile Numeric Keypad Problem [ IMP ],https://www.geeksforgeeks.org/ ,Mobile Numeric Keypad Problem [ IMP ],Medium
Dynamic Programming,Boolean Parenthesization Problem,https://www.geeksforgeeks.org/ ,Boolean Parenthesization Problem,Medium
Dynamic Programming,Largest rectangular sub-matrix whose sum is 0,https://www.geeksforgeeks.org/ ,Largest rectangular sub-matrix whose sum is 0,Hard
Dynamic Programming,Largest area rectangular sub-matrix with equal number of 1’s and 0’s [ IMP ],https://www.geeksforgeeks.org/ ,Largest area rectangular sub-matrix with equal number of 1’s and 0’s [ IMP ],Hard
Dynamic Programming,Maximum sum rectangle in a 2D matrix,https://www.geeksforgeeks.org/ ,Maximum sum rectangle in a 2D matrix,Hard
Dynamic Programming,Maximum profit by buying and selling a share at most k times,https://www.geeksforgeeks.org/ ,Maximum profit by buying and selling a share at most k times,Medium
Dynamic Programming,Find if a string is interleaved of two other strings,https://www.geeksforgeeks.org/ ,Find if a string is interleaved of two other strings,Medium
Dynamic Programming,Maximum Length of Pair Chain,https://www.geeksforgeeks.org/ ,Maximum Length of Pair Chain,Medium
,,https://www.geeksforgeeks.org/ ,nan,Medium
,,https://www.geeksforgeeks.org/ ,nan,Medium
Bit Manipulation,Count set bits in an integer,https://www.geeksforgeeks.org/ ,Count set bits in an integer,Medium
Bit Manipulation,Find the two non-repeating elements in an array of repeating elements,https://www.geeksforgeeks.org/ ,Find the two non-repeating elements in an array of repeating elements,Medium
Bit Manipulation,Count number of bits to be flipped to convert A to B,https://www.geeksforgeeks.org/ ,Count number of bits to be flipped to convert A to B,Medium
Bit Manipulation,Count total set bits in all numbers from 1 to n,https://www.geeksforgeeks.org/ ,Count total set bits in all numbers from 1 to n,Medium
Bit Manipulation,Program to find whether a no is power of two,https://www.geeksforgeeks.org/ ,Program to find whether a no is power of two,Medium
Bit Manipulation,Find position of the only set bit,https://www.geeksforgeeks.org/ ,Find position of the only set bit,Medium
Bit Manipulation,Copy set bits in a range,https://www.geeksforgeeks.org/ ,Copy set bits in a range,Medium
Bit Manipulation,"Divide two integers without using multiplication, division and mod operator",https://www.geeksforgeeks.org/ ,"Divide two integers without using multiplication, division and mod operator",Medium
Bit Manipulation,"Calculate square of a number without using *, / and pow()",https://www.geeksforgeeks.org/ ,"Calculate square of a number without using *, / and pow()",Medium
Bit Manipulation,Power Set,https://www.geeksforgeeks.org/ ,Power Set,Medium
